{"function random() { [native code] }":{"user_id":1},"0.5145934934723788":{"user_id":1},"0.9642739239047293":{"user_id":1}}